{
	"$schema": "https://raw.githubusercontent.com/martinring/tmlanguage/master/tmlanguage.json",
	"name": "Alysson",
	"patterns": [
		{
			"name": "variable.other.response.alysson",
			"match": "::[a-zA-Z][\\w'\\[\\]]+"
		},
		{
			"name": "variable.other.repeat.alysson",
			"match": "\\[\\['?\\w+:?\\]\\]"
		},
		{
			"name": "keyword.other.qloc.alysson",
			"match": "@"
		},
		{
			"match": "\\d+\\)",
			"name": "string.other.menu_item.alysson"
		},
		{
			"match": "(<+\\))\\s+([a-zA-Z][\\w'\\[\\]]+)",
			"captures": {
				"1": { "name": "string.other.menu_item.alysson" },
				"2": { "name": "variable.name.alysson" }
			}
		},
		{
			"include": "#field"
		},
		{
			"name": "storage.type.page.alysson",
			"match": "^/p$"
		},
		{
			"match": "^(/include)\\s+(\\S+)",
			"captures": {
				"1": { "name": "keyword.other.slash_cmd.alysson"},
				"2": { "name": "string.unquoted.alysson" }
			}
		},
		{
			"match": "^(/repeat)\\s+(\\w+)(?:\\s*-\\s*(\\w+))?\\s*,\\s*(\\w+)(?:\\s*,\\s*(\\w+))?",
			"captures": {
				"1": { "name": "keyword.other.slash_cmd.alysson" },
				"2": { "name": "variable.name.alysson" },
				"3": { "name": "variable.name.alysson" },
				"4": { "name": "variable.name.alysson" },
				"5": { "name": "variable.name.alysson" }
			}
		},
		{
			"match": "^(/group)\\s+(\\d+)\\s*,\\s*(\\d+)\\s*,\\s*(\\w+)\\s*,\\s*(\\w+)\\s*,\\s*(\\w+)(?:\\s*,\\s*(\\w+))?",
			"captures": {
				"1": { "name": "keyword.other.slash_cmd.alysson" },
				"2": { "name": "constant.numeric.alysson" },
				"3": { "name": "constant.numeric.alysson" },
				"5": { "name": "variable.name.alysson" },
				"6": { "name": "variable.name.alysson" },
				"7": { "name": "variable.name.alysson" }
			}
		},
		{
			"match": "^(/default)\\s+(\\w+)\\s+(\\w+)",
			"captures": {
				"1": { "name": "keyword.other.slash_cmd.alysson" },
				"3": { "name": "string.unquoted.alysson" }
			}
		},
		{
			"include": "text.xml"
		}
	],
	"repository": {
		"keywords": {
			"patterns": [
				{
					"name": "keyword.control.alysson",
					"match": "\\b(if|endif|else|then|rep|endrep|gosub|goto|return|quit|errmess|message|confirm|pre)\\b"
				},
				{
					"name": "keyword.operator.alysson",
					"match": "\\b(and|or|not|&&|\\|\\|)\\b"
				},
				{
					"name": "keyword.other.alysson",
					"match": "\\b(size|open|range|group|display|required|skip|nocheck|unique|copy|template\\s*\\w+|specify_question_label|columns|seed|def|watch|endwatch|contains|some|every|random|noseed|tbrotate|mpinclude|mpexclude|precision)\\b"
				},
				{
					"match": "^(type) (\\w+)$",
					"captures": {
						"1": { "name": "keyword.other.alysson" },
						"2": { "name": "entity.name.tag.alysson" }
					}
				}
			]
		},
		"field": {
			"name": "meta.field.alysson",
			"begin": "^(/f:)([a-zA-Z][\\w'\\[\\]]+)",
			"end": "^(/)$",
			"beginCaptures": {
				"1": { "name": "storage.type.field.start.alysson" },
				"2": { "name": "variable.name.alysson" }
			},
			"endCaptures": {
				"1": { "name": "storage.type.field.end.alysson" }
			},
			"patterns": [
				{ "include": "#keywords" },
				{ "include": "#strings" },
				{
					"name": "comment.line.alysson",
					"match": "^\\s*rem .*"
				},
				{
					"name": "storage.type.alysson",
					"match": "\\b(let|local)\\b"
				},
				{
					"name": "variable.language.alysson",
					"match": "\\b(thisfield|rnd)\\b"
				},
				{
					"name": "support.variable.alysson",
					"match": "\\b_\\w+\\b"
				},
				{
					"name": "entity.name.function.alysson",
					"match": "\\w+(?=\\()"
				},
				{
					"name": "variable.other.alysson",
					"match": "\\b[a-zA-Z][\\w'[\\[]]+\\b"
				},
				{
					"name": "constant.numeric.alysson",
					"match": "\\d+(?:\\.\\d+)?"
				}
			]
		},
		"strings": {
			"name": "string.quoted.double.alysson",
			"begin": "\"",
			"end": "\"",
			"patterns": [
				{
					"name": "constant.character.escape.alysson",
					"match": "\\\\."
				}
			]
		}
	},
	"scopeName": "source.alysson"
}
